{"景山公园": [116.40313654650969, 39.93162396881884], "八达岭长城": [116.0452871144021, 40.333580966559914], "故宫": [116.40332233225863, 39.92867787291636], "北京杜莎夫人蜡像馆": [116.40457309691851, 39.90406847761363], "泰山皮影戏": [116.40461256936092, 39.90457837398484], "明十三陵": [116.23018686464023, 40.30152702852488], "北海公园": [116.39635000019543, 39.928756075950055], "八达岭长城缆车": [116.01636706681387, 40.36439024131364], "天坛公园": [116.42430170229137, 39.88955053925809], "天安门广场": [116.40390583019587, 39.9151754663074], "慕田峪长城": [116.56650873757421, 40.433091768304315], "颐和园": [116.28929029626218, 39.997101431716125], "恭王府": [116.39312991180671, 39.942184225121196], "圆明园": [116.31929397877015, 40.01911191725826], "水立方": [116.39912692662858, 40.00121047451763]}